[{"pos_x": 118.039245, "pos_y": -110.533478, "rotation": 120.0, "side": "top", "designator": "REF**", "mpn": null, "pack": "ANO-Toby-revers", "value": "ANO-Toby-revers", "mount_type": "tht", "place": true}, {"pos_x": 58.709562, "pos_y": -81.741239, "rotation": 34.0, "side": "top", "designator": "SW2", "mpn": null, "pack": "pg1350-rev-hs-1U", "value": "SW_Push", "mount_type": "tht", "place": true}, {"pos_x": 37.172173, "pos_y": -106.528819, "rotation": -30.0, "side": "top", "designator": "SW1", "mpn": null, "pack": "pg1350-rev-hs-1.25U", "value": "SW_Push", "mount_type": "tht", "place": true}, {"pos_x": 101.248345, "pos_y": -79.325876, "rotation": 24.0, "side": "top", "designator": "SW9", "mpn": null, "pack": "pg1350-rev-hs-1U", "value": "SW_Push", "mount_type": "tht", "place": true}, {"pos_x": 82.020125, "pos_y": -84.111267, "rotation": 34.0, "side": "top", "designator": "SW8", "mpn": null, "pack": "pg1350-rev-hs-1U", "value": "SW_Push", "mount_type": "tht", "place": true}, {"pos_x": 147.45358, "pos_y": -80.995926, "rotation": -2.0, "side": "top", "designator": "SW5", "mpn": null, "pack": "pg1350-rev-hs-1.25U", "value": "SW_Push", "mount_type": "tht", "place": true}, {"pos_x": 94.333867, "pos_y": -63.7956, "rotation": 24.0, "side": "top", "designator": "SW4", "mpn": null, "pack": "pg1350-rev-hs-1U", "value": "SW_Push", "mount_type": "tht", "place": true}, {"pos_x": 51.89459, "pos_y": -115.02879, "rotation": -30.0, "side": "top", "designator": "SW1", "mpn": null, "pack": "pg1350-rev-hs-1.25U", "value": "SW_Push", "mount_type": "tht", "place": true}, {"pos_x": 68.215836, "pos_y": -95.834875, "rotation": 34.0, "side": "top", "designator": "SW7", "mpn": null, "pack": "pg1350-rev-hs-1U", "value": "SW_Push", "mount_type": "tht", "place": true}, {"pos_x": 126.148894, "pos_y": -75.499027, "rotation": -92.0, "side": "top", "designator": "SW10", "mpn": null, "pack": "pg1350-rev-hs-1.25U", "value": "SW_Push", "mount_type": "tht", "place": true}, {"pos_x": 72.513858, "pos_y": -70.017646, "rotation": 34.0, "side": "top", "designator": "SW3", "mpn": null, "pack": "pg1350-rev-hs-1U", "value": "SW_Push", "mount_type": "tht", "place": true}, {"pos_x": 118.497585, "pos_y": -50.036519, "rotation": -92.0, "side": "bottom", "designator": "REF**", "mpn": null, "pack": "Reset_Pretty", "value": "Reset_Pretty", "mount_type": "tht", "place": false}, {"pos_x": 118.154419, "pos_y": -57.629167, "rotation": 88.0, "side": "bottom", "designator": "REF**", "mpn": null, "pack": "reset_sw_Toby", "value": "reset_sw_Toby", "mount_type": "tht", "place": false}, {"pos_x": 156.187175, "pos_y": -67.292377, "rotation": 88.0, "side": "bottom", "designator": "U1", "mpn": null, "pack": "nice_nano_Toby", "value": "nice_nano_Toby", "mount_type": "tht", "place": true}]